Job Title,Company,Location,Salary,Skill,Experience,Date
Software Engineer,Amazon,Hyderabad,1539639,Python,Fresher,2023-05-20
Web Developer,Google,Pune,983188,Excel,Fresher,2023-01-04
Data Analyst,TCS,Pune,1414902,Python,Senior,2024-04-14
Web Developer,Google,Mumbai,1235305,SQL,Mid,2024-02-08
Software Engineer,Wipro,Bangalore,571119,React,Mid,2024-07-10
ML Engineer,Wipro,Hyderabad,1504641,React,Mid,2023-12-20
Software Engineer,Accenture,Bangalore,1152136,Machine Learning,Senior,2023-07-07
Web Developer,Accenture,Pune,2014443,React,Fresher,2024-06-17
Data Scientist,TCS,Pune,358280,Python,Senior,2023-08-30
Software Engineer,Google,Mumbai,2211088,Power BI,Senior,2024-08-07
Software Engineer,Infosys,Hyderabad,1395147,Power BI,Fresher,2023-08-23
Data Analyst,Amazon,Pune,1689825,Excel,Fresher,2024-04-29
Software Engineer,TCS,Hyderabad,464575,React,Mid,2023-06-13
Web Developer,Infosys,Bangalore,382102,Power BI,Senior,2023-02-02
Software Engineer,Infosys,Mumbai,2332386,React,Mid,2024-06-22
Software Engineer,Amazon,Hyderabad,1667012,Java,Fresher,2023-05-11
Web Developer,TCS,Pune,1548099,Excel,Senior,2024-05-14
Software Engineer,Infosys,Bangalore,1598599,Machine Learning,Mid,2024-02-12
Data Analyst,Google,Bangalore,2022094,React,Mid,2023-07-09
Web Developer,Amazon,Pune,399137,Java,Senior,2023-11-21
Web Developer,TCS,Mumbai,2243755,SQL,Mid,2024-01-24
Software Engineer,Infosys,Mumbai,851263,Java,Mid,2023-01-28
Software Engineer,TCS,Bangalore,357243,SQL,Fresher,2024-04-16
Software Engineer,Google,Pune,1650958,React,Mid,2023-02-24
Software Engineer,Amazon,Hyderabad,1645404,React,Senior,2024-01-30
ML Engineer,Amazon,Delhi,1572482,Excel,Fresher,2023-11-13
Web Developer,Wipro,Pune,853478,SQL,Mid,2023-07-17
ML Engineer,Amazon,Pune,2472208,Python,Senior,2023-06-09
ML Engineer,Wipro,Bangalore,1212561,Machine Learning,Mid,2024-02-16
Data Scientist,Accenture,Hyderabad,1821872,Excel,Mid,2023-07-03
Web Developer,Wipro,Hyderabad,2289127,SQL,Mid,2024-05-20
Web Developer,TCS,Delhi,2051571,SQL,Senior,2023-01-17
Software Engineer,Amazon,Mumbai,1928293,React,Fresher,2024-01-27
Data Analyst,Infosys,Mumbai,1227184,Java,Fresher,2023-08-05
Data Analyst,Amazon,Delhi,1212167,SQL,Senior,2023-03-24
ML Engineer,Accenture,Mumbai,1465406,React,Mid,2023-01-01
Data Scientist,Amazon,Mumbai,621117,SQL,Senior,2024-04-12
Data Scientist,Wipro,Pune,1001467,Power BI,Fresher,2024-05-11
Web Developer,Wipro,Bangalore,1760601,Python,Fresher,2024-08-20
ML Engineer,TCS,Pune,888286,Java,Senior,2023-02-17
Web Developer,TCS,Delhi,1821927,Python,Fresher,2024-01-09
Software Engineer,Infosys,Hyderabad,429102,Excel,Mid,2024-02-17
Data Scientist,TCS,Mumbai,2490598,Machine Learning,Senior,2023-04-20
Data Scientist,Amazon,Delhi,2226808,Python,Fresher,2023-08-17
Data Scientist,Wipro,Delhi,1838654,React,Fresher,2024-07-02
Web Developer,Amazon,Mumbai,896299,Java,Mid,2023-11-10
Software Engineer,Wipro,Pune,2375341,Python,Senior,2023-01-14
Data Analyst,Google,Bangalore,794169,SQL,Senior,2023-11-05
Data Scientist,Wipro,Hyderabad,516843,Excel,Fresher,2023-12-27
Data Scientist,Accenture,Pune,880560,Machine Learning,Mid,2023-07-10
Web Developer,Wipro,Hyderabad,2290741,Power BI,Mid,2024-05-30
Software Engineer,TCS,Mumbai,470994,SQL,Mid,2024-06-16
ML Engineer,Accenture,Pune,1642546,Machine Learning,Mid,2023-01-01
Data Analyst,Amazon,Mumbai,1597645,Power BI,Senior,2023-08-12
Web Developer,Amazon,Bangalore,2292226,SQL,Senior,2023-05-07
Data Analyst,Amazon,Mumbai,690866,Excel,Mid,2023-08-09
Data Scientist,TCS,Mumbai,1562564,Python,Mid,2024-01-11
ML Engineer,Infosys,Mumbai,591975,Java,Senior,2023-07-25
Software Engineer,Google,Hyderabad,1390757,Java,Senior,2023-08-31
ML Engineer,Wipro,Delhi,1962715,Python,Fresher,2023-11-02
Web Developer,Wipro,Mumbai,1921796,SQL,Senior,2024-02-11
ML Engineer,Infosys,Bangalore,1706946,React,Mid,2023-11-22
ML Engineer,Accenture,Pune,1117047,Machine Learning,Fresher,2023-04-03
Data Scientist,TCS,Mumbai,437389,Java,Mid,2023-06-05
Data Analyst,Accenture,Delhi,343519,Java,Mid,2023-11-08
Data Analyst,Infosys,Bangalore,967808,SQL,Senior,2023-08-23
Web Developer,Wipro,Bangalore,1010961,Excel,Senior,2023-11-03
Web Developer,TCS,Bangalore,1680734,React,Senior,2023-05-22
Software Engineer,Accenture,Hyderabad,1322392,Machine Learning,Mid,2023-09-23
Web Developer,Infosys,Bangalore,346261,Excel,Fresher,2024-04-22
ML Engineer,Amazon,Delhi,1074977,Java,Fresher,2024-07-08
Web Developer,TCS,Pune,580936,SQL,Mid,2024-08-18
ML Engineer,Wipro,Pune,1664114,Machine Learning,Mid,2024-05-11
Data Scientist,Amazon,Bangalore,2387413,Power BI,Fresher,2024-02-04
Software Engineer,Wipro,Pune,491292,React,Fresher,2023-02-09
ML Engineer,Google,Pune,773533,React,Fresher,2023-03-02
Web Developer,Google,Delhi,2455660,Python,Fresher,2023-09-14
Web Developer,Google,Bangalore,863035,React,Fresher,2023-09-03
Software Engineer,TCS,Delhi,1313734,Python,Fresher,2023-09-26
Data Analyst,Amazon,Pune,648097,SQL,Mid,2023-08-25
Data Scientist,Google,Delhi,1111932,Machine Learning,Senior,2024-03-26
Software Engineer,Google,Hyderabad,708645,React,Mid,2023-06-05
ML Engineer,TCS,Delhi,1601688,Machine Learning,Senior,2023-11-15
ML Engineer,Amazon,Pune,825814,SQL,Fresher,2023-08-04
Web Developer,Accenture,Hyderabad,2421482,Excel,Senior,2023-07-07
Data Scientist,Google,Bangalore,1000546,Power BI,Fresher,2023-10-22
Web Developer,TCS,Hyderabad,2272248,Python,Senior,2023-11-28
Data Analyst,Google,Bangalore,1075922,SQL,Fresher,2023-04-06
Data Analyst,Google,Pune,2007796,Power BI,Fresher,2023-06-01
Web Developer,TCS,Mumbai,1894067,Python,Mid,2023-07-16
Data Scientist,Accenture,Mumbai,1901331,Power BI,Fresher,2023-09-09
Software Engineer,Amazon,Delhi,1323953,Python,Mid,2023-03-27
Software Engineer,Google,Hyderabad,583326,Excel,Fresher,2024-03-19
Data Analyst,Google,Delhi,1896957,Excel,Senior,2024-08-23
Data Analyst,TCS,Bangalore,1505933,Excel,Mid,2023-11-25
ML Engineer,Wipro,Mumbai,424727,React,Mid,2024-06-05
ML Engineer,Amazon,Hyderabad,921680,Python,Fresher,2023-11-11
Web Developer,Amazon,Pune,1995430,React,Senior,2023-04-18
Data Analyst,TCS,Pune,468742,Python,Fresher,2024-08-05
Web Developer,Infosys,Mumbai,1424091,Power BI,Mid,2024-04-16
Software Engineer,Wipro,Pune,1262554,React,Fresher,2023-07-14
Web Developer,TCS,Delhi,1450652,Python,Mid,2023-12-30
Software Engineer,Wipro,Bangalore,1248119,Machine Learning,Fresher,2023-10-19
ML Engineer,Wipro,Mumbai,2417939,Excel,Senior,2023-10-28
Web Developer,Infosys,Mumbai,1406797,Python,Fresher,2024-06-02
Software Engineer,Accenture,Mumbai,444510,Python,Mid,2023-06-04
Data Analyst,TCS,Bangalore,1158760,Java,Senior,2024-08-10
Software Engineer,Google,Hyderabad,803424,Power BI,Mid,2023-08-21
Software Engineer,Amazon,Hyderabad,2343302,Python,Mid,2024-02-17
Data Analyst,Accenture,Bangalore,595458,React,Fresher,2023-12-08
ML Engineer,Infosys,Pune,1382474,React,Fresher,2024-03-14
Data Analyst,TCS,Mumbai,1835827,Power BI,Mid,2023-10-08
ML Engineer,Accenture,Hyderabad,1665794,Power BI,Fresher,2023-12-08
Web Developer,Amazon,Pune,2140374,Java,Mid,2023-01-14
Data Analyst,Accenture,Hyderabad,2315015,Excel,Fresher,2023-11-25
Software Engineer,Infosys,Delhi,948519,Excel,Mid,2023-02-08
Software Engineer,Infosys,Mumbai,680984,React,Senior,2023-12-06
Data Analyst,TCS,Bangalore,869656,Excel,Mid,2024-04-12
Web Developer,TCS,Bangalore,403410,React,Fresher,2024-07-17
Data Scientist,Infosys,Mumbai,377331,Machine Learning,Fresher,2024-07-18
Software Engineer,Google,Pune,1203583,SQL,Mid,2024-03-12
ML Engineer,Amazon,Bangalore,1917770,Machine Learning,Mid,2023-11-13
Data Analyst,TCS,Bangalore,533383,Machine Learning,Fresher,2023-07-24
Data Scientist,Infosys,Hyderabad,1460175,React,Mid,2024-06-04
Software Engineer,Accenture,Delhi,2351122,Python,Fresher,2024-01-03
Data Analyst,Infosys,Mumbai,647706,SQL,Senior,2024-06-22
Software Engineer,Wipro,Delhi,1172307,React,Senior,2023-12-17
Software Engineer,Amazon,Mumbai,932098,Machine Learning,Senior,2023-09-19
Data Scientist,Google,Bangalore,818967,Java,Mid,2023-09-05
Data Scientist,Amazon,Hyderabad,2471968,Machine Learning,Mid,2023-02-21
Data Scientist,Amazon,Hyderabad,1043788,React,Fresher,2024-02-25
Data Analyst,Google,Delhi,989090,Python,Mid,2024-05-19
Data Analyst,TCS,Bangalore,1802879,SQL,Senior,2024-01-12
Data Analyst,Wipro,Bangalore,1825827,SQL,Mid,2024-02-06
ML Engineer,Infosys,Delhi,2271881,Machine Learning,Mid,2023-12-24
Data Scientist,Accenture,Pune,708181,Excel,Senior,2024-02-03
Software Engineer,Wipro,Delhi,1215341,Machine Learning,Fresher,2024-07-10
Data Analyst,Google,Hyderabad,651488,Python,Senior,2023-06-03
Data Scientist,Accenture,Delhi,2392470,Power BI,Mid,2023-07-26
ML Engineer,Google,Pune,1660634,Power BI,Fresher,2024-05-10
Data Analyst,Accenture,Hyderabad,912337,Power BI,Mid,2023-08-15
Web Developer,Google,Mumbai,773538,Java,Mid,2023-05-22
Data Scientist,Amazon,Pune,1859062,Java,Fresher,2023-05-18
Software Engineer,Google,Pune,746509,Python,Senior,2024-06-02
Data Analyst,Amazon,Hyderabad,810574,Machine Learning,Mid,2023-11-11
Data Analyst,Google,Hyderabad,557444,Java,Mid,2023-03-06
Web Developer,Wipro,Mumbai,1400552,Python,Senior,2024-06-16
Data Scientist,Google,Mumbai,1629721,Java,Mid,2023-05-13
Web Developer,TCS,Pune,749616,Machine Learning,Fresher,2024-06-07
Data Scientist,Google,Mumbai,2130618,Java,Fresher,2023-12-21
Web Developer,Amazon,Pune,1881807,React,Mid,2023-02-26
Software Engineer,Infosys,Mumbai,374989,Java,Fresher,2023-11-07
Data Scientist,Accenture,Bangalore,716003,Machine Learning,Fresher,2023-01-13
Web Developer,TCS,Mumbai,1616085,Java,Mid,2023-09-08
Data Scientist,TCS,Bangalore,906936,Python,Fresher,2023-12-21
Web Developer,Wipro,Hyderabad,1950626,SQL,Fresher,2024-03-24
Web Developer,Amazon,Hyderabad,1294392,Machine Learning,Mid,2023-08-10
Software Engineer,Amazon,Pune,2325898,Python,Mid,2023-07-04
ML Engineer,Infosys,Pune,2398069,SQL,Fresher,2023-05-18
Data Scientist,Google,Bangalore,1783149,Power BI,Fresher,2023-11-20
Web Developer,Google,Hyderabad,397315,Java,Mid,2023-08-06
Web Developer,Accenture,Bangalore,376225,Machine Learning,Senior,2023-10-04
Software Engineer,Google,Delhi,2148060,Java,Mid,2023-09-26
Data Scientist,Accenture,Mumbai,957524,SQL,Mid,2023-03-10
Software Engineer,Wipro,Bangalore,1095033,React,Fresher,2024-04-27
Data Scientist,Google,Mumbai,1096480,Power BI,Mid,2024-05-22
Web Developer,Accenture,Pune,757720,Java,Mid,2023-09-29
Data Scientist,Wipro,Mumbai,974641,React,Mid,2023-07-28
Web Developer,Accenture,Hyderabad,1309635,React,Mid,2024-08-23
ML Engineer,Google,Hyderabad,1731234,Java,Mid,2024-02-06
Data Scientist,TCS,Bangalore,1813184,Excel,Fresher,2024-05-09
Data Scientist,Amazon,Delhi,741556,Machine Learning,Mid,2023-08-01
ML Engineer,Accenture,Bangalore,872725,Power BI,Mid,2023-09-19
Software Engineer,Infosys,Delhi,2226722,React,Fresher,2023-07-16
Data Scientist,Google,Hyderabad,913233,Python,Senior,2024-06-29
Data Scientist,TCS,Bangalore,782496,Excel,Fresher,2024-07-06
ML Engineer,Wipro,Bangalore,2321084,Power BI,Mid,2024-07-23
Data Analyst,Wipro,Pune,829175,Python,Fresher,2023-06-13
Data Analyst,TCS,Pune,1654072,React,Mid,2023-04-03
Data Analyst,Wipro,Bangalore,2040232,Excel,Fresher,2024-02-16
Data Scientist,Infosys,Bangalore,1747678,Power BI,Mid,2024-01-04
Software Engineer,TCS,Delhi,1763531,SQL,Mid,2024-02-07
ML Engineer,Amazon,Mumbai,2479972,Power BI,Senior,2024-04-08
Software Engineer,Google,Mumbai,1265345,Java,Senior,2024-04-26
Web Developer,Wipro,Bangalore,1445417,Python,Senior,2023-06-30
Data Analyst,Wipro,Mumbai,1958759,SQL,Mid,2024-03-12
Web Developer,Accenture,Bangalore,1478825,React,Mid,2024-04-20
Data Analyst,Wipro,Hyderabad,1620337,Excel,Mid,2024-01-28
Software Engineer,TCS,Mumbai,2026391,React,Mid,2024-01-28
Web Developer,TCS,Delhi,2389269,Excel,Fresher,2023-12-22
Data Scientist,Accenture,Mumbai,1845548,Python,Fresher,2023-09-14
Data Analyst,Infosys,Pune,2072846,Java,Senior,2023-12-24
ML Engineer,Google,Hyderabad,1548514,SQL,Fresher,2024-03-19
Software Engineer,Wipro,Mumbai,2134192,Power BI,Fresher,2024-08-08
Web Developer,Accenture,Delhi,1894623,Power BI,Mid,2024-01-29
Data Analyst,Wipro,Pune,363059,React,Senior,2023-07-09
ML Engineer,Google,Delhi,1767249,Python,Mid,2023-03-05
Web Developer,Wipro,Delhi,619118,Machine Learning,Senior,2023-11-22
Data Scientist,Accenture,Pune,1390650,React,Senior,2024-01-31
Software Engineer,Wipro,Mumbai,1914555,Power BI,Mid,2023-11-05
Data Scientist,Wipro,Mumbai,472227,Machine Learning,Mid,2023-03-07
ML Engineer,Wipro,Delhi,908839,Machine Learning,Mid,2023-09-07
Web Developer,Accenture,Pune,1606303,Power BI,Fresher,2024-03-03
Data Analyst,Infosys,Bangalore,2042727,Java,Mid,2023-03-20
Data Analyst,Google,Delhi,1058455,Excel,Mid,2024-03-05
Data Analyst,TCS,Delhi,1663337,Excel,Senior,2023-07-15
Data Analyst,Google,Mumbai,1436121,SQL,Senior,2023-11-30
Web Developer,Google,Hyderabad,1949343,Power BI,Fresher,2024-03-26
Data Analyst,Amazon,Bangalore,1345532,Java,Senior,2023-03-24
ML Engineer,Wipro,Hyderabad,2293253,SQL,Fresher,2023-06-18
ML Engineer,Wipro,Pune,488913,Java,Mid,2024-07-10
ML Engineer,Google,Pune,1303883,Power BI,Senior,2024-03-19
Data Scientist,Google,Bangalore,1925855,React,Fresher,2024-04-11
ML Engineer,Wipro,Mumbai,555992,Java,Mid,2024-02-11
ML Engineer,Infosys,Pune,1441700,SQL,Mid,2023-04-02
Data Scientist,Infosys,Mumbai,1480070,Excel,Fresher,2023-05-09
ML Engineer,Infosys,Delhi,882200,Java,Mid,2023-08-07
Data Scientist,Wipro,Delhi,866560,Machine Learning,Senior,2023-08-04
Data Analyst,Google,Pune,1496792,Python,Senior,2023-01-20
Data Scientist,Wipro,Pune,1277714,Java,Mid,2023-10-28
Data Scientist,Accenture,Delhi,1616527,React,Mid,2023-11-03
Data Scientist,Google,Hyderabad,845281,Excel,Mid,2023-02-09
Data Analyst,Infosys,Mumbai,2434757,Machine Learning,Fresher,2024-03-27
Web Developer,Wipro,Delhi,1521619,Java,Mid,2024-05-29
Data Scientist,Accenture,Bangalore,2248775,React,Senior,2024-08-09
Software Engineer,Google,Pune,930151,Java,Senior,2023-04-21
Data Analyst,Amazon,Mumbai,2180203,Java,Fresher,2024-04-24
Web Developer,Accenture,Hyderabad,2440835,Java,Senior,2024-08-02
Software Engineer,Google,Mumbai,2082223,Java,Senior,2023-06-10
Data Scientist,Amazon,Hyderabad,2449817,SQL,Senior,2023-04-21
Software Engineer,Google,Bangalore,1313686,React,Senior,2024-05-19
Web Developer,Google,Mumbai,765661,Java,Fresher,2023-07-31
Software Engineer,Infosys,Delhi,913890,Power BI,Mid,2024-04-16
Data Scientist,Google,Delhi,706890,Power BI,Senior,2023-08-30
Web Developer,TCS,Bangalore,2490494,Machine Learning,Fresher,2024-02-02
Data Analyst,Amazon,Delhi,2421201,Java,Senior,2023-09-02
Data Analyst,Google,Pune,874230,Java,Mid,2023-01-14
Data Scientist,Wipro,Mumbai,654361,SQL,Mid,2023-08-16
Software Engineer,Wipro,Bangalore,434096,Python,Mid,2024-05-01
ML Engineer,Amazon,Delhi,732732,Java,Fresher,2023-01-26
ML Engineer,Accenture,Pune,503099,Machine Learning,Senior,2023-02-06
Data Analyst,Google,Mumbai,1578209,Java,Fresher,2023-10-12
ML Engineer,Google,Mumbai,522330,Python,Mid,2024-02-06
Data Analyst,Wipro,Pune,588731,SQL,Fresher,2023-04-12
Software Engineer,Accenture,Bangalore,1358407,React,Mid,2023-03-18
ML Engineer,Amazon,Hyderabad,1846236,Machine Learning,Mid,2023-03-01
Data Scientist,Amazon,Delhi,973916,Java,Fresher,2023-04-16
Web Developer,Infosys,Bangalore,1377610,Power BI,Fresher,2023-08-12
Software Engineer,Accenture,Mumbai,2144830,Python,Senior,2023-09-20
ML Engineer,Accenture,Mumbai,2281408,Excel,Senior,2024-06-05
Data Scientist,Infosys,Delhi,2304506,Java,Mid,2023-08-29
Data Analyst,Google,Pune,966625,Python,Fresher,2023-08-04
ML Engineer,TCS,Pune,433988,React,Fresher,2024-04-26
Data Analyst,Infosys,Delhi,463453,Excel,Mid,2023-07-10
ML Engineer,Infosys,Hyderabad,1274052,Machine Learning,Fresher,2023-04-23
Software Engineer,Wipro,Bangalore,524423,Python,Senior,2024-01-21
Data Analyst,TCS,Pune,2156798,Excel,Mid,2024-01-01
Software Engineer,TCS,Pune,1191196,React,Fresher,2024-04-06
Web Developer,Amazon,Hyderabad,1341380,Power BI,Mid,2024-08-20
ML Engineer,Wipro,Delhi,1501043,Java,Senior,2024-06-30
Software Engineer,Infosys,Delhi,933744,SQL,Senior,2023-05-02
Data Scientist,TCS,Hyderabad,720281,Python,Mid,2024-05-27
ML Engineer,Google,Delhi,2012827,Python,Mid,2023-05-30
ML Engineer,Wipro,Pune,564660,React,Mid,2023-03-18
Web Developer,Accenture,Delhi,633430,Power BI,Fresher,2023-05-18
Software Engineer,TCS,Bangalore,834948,Python,Senior,2024-05-01
Software Engineer,Amazon,Delhi,1324566,Java,Fresher,2023-04-07
Web Developer,Infosys,Hyderabad,1855862,Python,Mid,2023-06-19
Data Scientist,Amazon,Pune,850939,React,Fresher,2024-01-06
ML Engineer,Infosys,Hyderabad,2170473,Python,Fresher,2023-02-18
ML Engineer,Accenture,Bangalore,2257857,Python,Senior,2024-04-19
ML Engineer,Google,Delhi,909130,Java,Senior,2023-08-21
Data Scientist,Infosys,Pune,2204690,Excel,Fresher,2023-07-02
Web Developer,Wipro,Pune,387666,React,Senior,2023-06-02
Data Scientist,Google,Hyderabad,2420680,SQL,Senior,2024-05-26
Data Analyst,Google,Bangalore,1075728,Excel,Fresher,2023-01-02
Web Developer,Wipro,Pune,2307656,Power BI,Mid,2024-07-19
Software Engineer,Amazon,Hyderabad,2448180,SQL,Senior,2024-08-19
Software Engineer,Accenture,Bangalore,1380894,Power BI,Fresher,2023-03-10
Web Developer,TCS,Delhi,321727,React,Mid,2023-07-19
Data Scientist,Accenture,Bangalore,1256029,Power BI,Senior,2024-06-01
Software Engineer,Amazon,Bangalore,394995,Machine Learning,Fresher,2023-09-21
Web Developer,Accenture,Bangalore,435101,Machine Learning,Senior,2024-04-04
ML Engineer,Infosys,Hyderabad,1925005,Power BI,Mid,2024-01-17
Data Analyst,Accenture,Delhi,707681,Python,Senior,2023-07-20
Data Analyst,Amazon,Delhi,1313463,Excel,Mid,2023-11-08
Data Analyst,Amazon,Bangalore,2299902,Excel,Senior,2024-01-29
Software Engineer,Wipro,Hyderabad,1989050,Machine Learning,Mid,2024-01-13
ML Engineer,TCS,Mumbai,1890557,Python,Senior,2023-05-25
Software Engineer,Amazon,Hyderabad,455945,SQL,Fresher,2023-10-22
Data Scientist,TCS,Delhi,1307360,Java,Fresher,2023-05-20
Data Scientist,Accenture,Pune,2003282,Power BI,Senior,2023-06-15
Data Scientist,Google,Mumbai,368469,Machine Learning,Mid,2024-01-11
ML Engineer,Google,Pune,2089122,React,Fresher,2024-03-11
Data Scientist,Google,Hyderabad,642790,Machine Learning,Senior,2023-05-20
Software Engineer,Amazon,Delhi,802730,Excel,Mid,2024-05-31
Data Analyst,Amazon,Delhi,2139548,Power BI,Fresher,2024-02-28
Software Engineer,Amazon,Mumbai,2415702,Power BI,Mid,2023-06-28
Software Engineer,Accenture,Pune,426936,Python,Senior,2023-09-02
Data Analyst,Google,Pune,1528108,Power BI,Mid,2024-06-10
Data Scientist,Accenture,Bangalore,2488126,Excel,Fresher,2023-02-06
Data Scientist,Amazon,Bangalore,1966606,Power BI,Fresher,2023-06-07
ML Engineer,Infosys,Mumbai,1204356,Java,Mid,2023-09-17
ML Engineer,Infosys,Delhi,1721538,Python,Fresher,2023-08-27
ML Engineer,Google,Bangalore,884648,React,Mid,2023-11-19
Data Scientist,Infosys,Bangalore,2052224,Python,Mid,2023-11-16
Software Engineer,Amazon,Bangalore,1800916,Excel,Mid,2023-09-20
Software Engineer,Wipro,Hyderabad,867107,SQL,Fresher,2023-06-20
ML Engineer,TCS,Delhi,712040,Power BI,Mid,2023-10-26
Data Analyst,Google,Pune,2473654,Machine Learning,Mid,2024-01-04
Data Analyst,Accenture,Pune,671836,Machine Learning,Mid,2024-02-03
Web Developer,Infosys,Delhi,2084886,React,Fresher,2024-06-15
Software Engineer,Accenture,Delhi,954680,Python,Senior,2023-10-29
Software Engineer,Wipro,Hyderabad,352191,Python,Mid,2024-02-23
Data Scientist,TCS,Pune,623958,Power BI,Senior,2024-01-08
ML Engineer,Google,Pune,1417292,Java,Mid,2023-12-10
ML Engineer,Amazon,Mumbai,767869,Machine Learning,Fresher,2024-05-10
ML Engineer,TCS,Bangalore,1840160,Excel,Fresher,2023-07-26
Software Engineer,Accenture,Mumbai,1551346,Java,Senior,2024-03-23
Software Engineer,Amazon,Bangalore,1954208,Python,Fresher,2024-03-27
ML Engineer,Amazon,Bangalore,499260,Machine Learning,Fresher,2023-05-25
Web Developer,Google,Mumbai,1655639,Power BI,Mid,2024-04-09
Data Scientist,Amazon,Hyderabad,2046179,SQL,Mid,2023-12-13
Software Engineer,Wipro,Bangalore,1225499,Machine Learning,Senior,2023-01-09
Web Developer,Google,Mumbai,830787,React,Mid,2023-09-09
Web Developer,Wipro,Bangalore,1600952,SQL,Fresher,2023-02-08
Web Developer,Google,Pune,1194773,Python,Senior,2023-10-26
Software Engineer,TCS,Mumbai,1502765,Machine Learning,Fresher,2023-07-03
Data Scientist,Google,Hyderabad,1298391,Power BI,Senior,2023-09-11
Data Analyst,TCS,Bangalore,1663619,SQL,Senior,2023-04-18
ML Engineer,Infosys,Delhi,2127281,Java,Mid,2024-03-09
Data Analyst,Wipro,Mumbai,1244217,SQL,Fresher,2024-02-17
Data Analyst,Google,Hyderabad,2084691,Machine Learning,Senior,2024-05-19
Web Developer,Google,Hyderabad,996506,Power BI,Mid,2024-04-23
Web Developer,TCS,Hyderabad,1690981,Power BI,Fresher,2023-07-08
Software Engineer,Amazon,Pune,451952,SQL,Mid,2023-11-03
Data Scientist,Infosys,Delhi,813604,SQL,Fresher,2023-05-29
ML Engineer,Accenture,Hyderabad,633938,React,Mid,2024-06-02
Web Developer,Wipro,Delhi,2268030,Python,Fresher,2023-06-17
Web Developer,Infosys,Pune,2430665,Machine Learning,Mid,2023-09-04
Web Developer,Google,Mumbai,860265,Excel,Senior,2023-07-25
Data Analyst,Accenture,Hyderabad,2405287,Python,Mid,2024-04-01
Data Scientist,Google,Bangalore,2301904,Java,Fresher,2023-01-30
Web Developer,Google,Bangalore,1369860,React,Fresher,2023-02-06
Web Developer,Amazon,Delhi,1468954,Excel,Senior,2023-10-10
ML Engineer,Infosys,Mumbai,335457,React,Fresher,2024-07-20
Software Engineer,Amazon,Delhi,1067971,Python,Fresher,2024-06-20
Data Scientist,TCS,Hyderabad,2452673,SQL,Mid,2023-07-03
Software Engineer,Amazon,Pune,2477924,Python,Senior,2023-03-05
Web Developer,Infosys,Bangalore,939594,SQL,Mid,2023-08-22
Web Developer,Accenture,Hyderabad,946677,Excel,Fresher,2024-02-26
Web Developer,Infosys,Pune,2038155,Python,Senior,2023-09-09
Data Scientist,Accenture,Bangalore,2022465,Power BI,Mid,2023-10-17
Software Engineer,Amazon,Mumbai,583495,Machine Learning,Mid,2024-02-12
Data Scientist,Amazon,Mumbai,1388789,Python,Fresher,2023-05-19
Data Scientist,Infosys,Pune,1134006,SQL,Senior,2023-10-23
Data Analyst,Infosys,Pune,384628,Python,Mid,2023-12-30
Software Engineer,TCS,Pune,1021874,React,Mid,2023-07-17
Data Scientist,TCS,Pune,946697,React,Mid,2023-05-09
Software Engineer,Google,Delhi,1204630,React,Fresher,2023-07-18
Data Scientist,Infosys,Bangalore,2319022,Power BI,Senior,2024-01-14
Web Developer,TCS,Delhi,1619146,Power BI,Senior,2023-09-14
Web Developer,Google,Delhi,1532749,Excel,Fresher,2023-06-05
Software Engineer,Wipro,Mumbai,617150,Power BI,Mid,2023-07-28
Data Analyst,Accenture,Pune,496384,SQL,Mid,2024-05-08
Data Scientist,TCS,Hyderabad,1692516,SQL,Senior,2023-08-29
ML Engineer,TCS,Mumbai,2399169,Java,Senior,2023-12-09
Web Developer,Accenture,Pune,717015,React,Fresher,2023-05-20
Software Engineer,Google,Delhi,955264,Machine Learning,Senior,2024-04-05
Data Scientist,Infosys,Bangalore,1158248,Power BI,Mid,2024-07-13
ML Engineer,TCS,Delhi,575509,SQL,Senior,2024-08-09
Data Scientist,TCS,Hyderabad,2495428,Excel,Fresher,2024-01-12
Data Analyst,Infosys,Mumbai,2056895,Power BI,Mid,2024-08-23
Data Scientist,Infosys,Pune,903092,Machine Learning,Fresher,2023-04-10
Data Analyst,Wipro,Bangalore,2020572,Excel,Mid,2023-07-05
ML Engineer,Accenture,Delhi,905280,Power BI,Mid,2024-01-22
Web Developer,Wipro,Delhi,2136031,Power BI,Fresher,2023-07-11
Software Engineer,TCS,Mumbai,451956,React,Mid,2024-06-30
Web Developer,Accenture,Delhi,329309,Python,Senior,2023-11-10
Software Engineer,Google,Delhi,1295673,SQL,Fresher,2024-04-30
Software Engineer,Accenture,Pune,502013,Python,Mid,2024-02-10
Web Developer,Amazon,Pune,970617,Python,Fresher,2024-03-12
Data Analyst,TCS,Pune,544708,Power BI,Senior,2023-07-29
Software Engineer,Infosys,Delhi,1272390,Python,Fresher,2023-12-05
Data Analyst,Google,Pune,1291010,Excel,Mid,2023-08-17
Web Developer,Infosys,Delhi,360846,Excel,Fresher,2024-01-10
Data Scientist,Amazon,Delhi,1819665,Excel,Mid,2024-02-24
Data Scientist,Google,Delhi,613527,Power BI,Mid,2023-05-07
Software Engineer,TCS,Hyderabad,1943540,React,Mid,2023-03-10
ML Engineer,Amazon,Hyderabad,1194547,Power BI,Fresher,2023-09-02
Web Developer,TCS,Pune,1941425,Python,Fresher,2024-04-04
Web Developer,Accenture,Delhi,1666456,Machine Learning,Mid,2024-02-19
ML Engineer,Google,Hyderabad,2223326,React,Mid,2023-10-27
ML Engineer,Wipro,Mumbai,785422,React,Senior,2024-01-22
Data Analyst,Accenture,Mumbai,1046065,Python,Mid,2023-08-29
ML Engineer,Google,Pune,1510182,Python,Senior,2024-07-11
Data Analyst,Wipro,Hyderabad,1406719,Excel,Mid,2024-07-22
Web Developer,Wipro,Hyderabad,1736894,Excel,Fresher,2023-05-19
Software Engineer,Wipro,Bangalore,423888,React,Senior,2023-07-27
Software Engineer,Google,Mumbai,1455462,Excel,Mid,2023-07-27
Software Engineer,Wipro,Mumbai,1954151,Java,Senior,2023-08-26
ML Engineer,Google,Delhi,2386237,Machine Learning,Mid,2023-07-23
Software Engineer,TCS,Bangalore,516280,Python,Mid,2023-12-13
ML Engineer,Wipro,Delhi,1621582,Power BI,Fresher,2023-09-20
ML Engineer,Amazon,Hyderabad,665831,Excel,Mid,2023-03-01
Data Analyst,Amazon,Hyderabad,600893,React,Fresher,2023-04-09
Software Engineer,TCS,Delhi,2038958,Machine Learning,Senior,2024-07-05
ML Engineer,Google,Bangalore,437578,Excel,Senior,2023-04-19
Web Developer,Wipro,Mumbai,824872,React,Fresher,2023-10-06
Data Scientist,Infosys,Bangalore,537566,Python,Mid,2024-06-09
Data Scientist,Accenture,Delhi,1369728,Excel,Mid,2023-06-14
Software Engineer,Accenture,Hyderabad,2486969,Java,Mid,2024-06-15
Data Scientist,Amazon,Delhi,303462,Power BI,Senior,2023-04-17
Web Developer,TCS,Bangalore,1505265,Java,Mid,2023-08-22
Data Scientist,TCS,Delhi,2372386,SQL,Fresher,2023-04-17
Data Analyst,TCS,Pune,1529773,Machine Learning,Mid,2023-05-26
ML Engineer,Google,Pune,836760,SQL,Mid,2024-08-21
Data Analyst,TCS,Bangalore,920434,Python,Mid,2024-05-30
Data Analyst,TCS,Pune,380126,Power BI,Fresher,2023-10-29
ML Engineer,Accenture,Delhi,2006806,Machine Learning,Mid,2024-06-20
Software Engineer,Infosys,Delhi,1260156,Machine Learning,Fresher,2024-06-05
ML Engineer,TCS,Hyderabad,1550503,Machine Learning,Senior,2023-04-13
Web Developer,TCS,Pune,1869640,Python,Senior,2023-12-13
Software Engineer,Google,Mumbai,975274,Power BI,Senior,2023-02-09
Data Analyst,Google,Hyderabad,2238318,Excel,Mid,2024-01-22
ML Engineer,Google,Bangalore,497936,React,Mid,2024-07-27
Software Engineer,Amazon,Pune,1197047,Python,Fresher,2023-11-23
Data Scientist,Google,Delhi,1780510,Python,Senior,2023-05-25
Software Engineer,Wipro,Hyderabad,824318,Python,Mid,2024-07-08
Software Engineer,Google,Hyderabad,1683433,Java,Senior,2023-02-09
Web Developer,Wipro,Hyderabad,613159,Power BI,Mid,2023-12-03
Web Developer,TCS,Hyderabad,440729,Python,Fresher,2023-04-09
Software Engineer,Google,Mumbai,410904,Excel,Senior,2024-08-19
Data Analyst,Accenture,Bangalore,404397,SQL,Mid,2024-04-12
Data Scientist,TCS,Bangalore,635623,React,Fresher,2023-07-17
Data Analyst,Amazon,Mumbai,579687,React,Senior,2024-04-30
ML Engineer,Infosys,Bangalore,1837812,Machine Learning,Fresher,2024-05-21
Web Developer,Amazon,Mumbai,2186388,Excel,Senior,2023-05-16
Web Developer,Infosys,Hyderabad,652208,Java,Fresher,2023-01-31
ML Engineer,Accenture,Bangalore,1216404,Machine Learning,Senior,2023-09-13
Data Analyst,Accenture,Bangalore,2318026,Machine Learning,Mid,2023-07-11
Software Engineer,TCS,Bangalore,2337670,React,Senior,2023-11-09
Web Developer,Infosys,Pune,1277951,React,Fresher,2024-08-20
Data Analyst,Infosys,Mumbai,2032213,SQL,Mid,2023-04-01
ML Engineer,Amazon,Mumbai,311051,Java,Mid,2023-05-06
Web Developer,Infosys,Pune,1978622,SQL,Senior,2024-06-07
Web Developer,Accenture,Pune,1430526,Excel,Senior,2023-11-16
Web Developer,Wipro,Pune,601322,Machine Learning,Senior,2024-02-24
Data Scientist,Infosys,Delhi,906019,Java,Fresher,2024-07-14
Data Analyst,TCS,Mumbai,1653991,React,Senior,2023-06-25
Data Analyst,Accenture,Bangalore,1126225,React,Senior,2024-02-09
Software Engineer,Google,Pune,374794,React,Mid,2023-05-13
Data Analyst,Infosys,Delhi,1332707,Python,Mid,2023-05-26
Data Analyst,Accenture,Delhi,622477,Python,Senior,2023-10-11
Software Engineer,Wipro,Pune,1212034,SQL,Fresher,2024-02-26
Software Engineer,Amazon,Delhi,1773140,Java,Senior,2023-08-10
Data Scientist,Accenture,Mumbai,330830,Power BI,Senior,2024-02-20
Data Scientist,TCS,Pune,2391564,Excel,Senior,2023-01-13
Software Engineer,Google,Pune,2407126,Java,Senior,2024-05-29
Software Engineer,Accenture,Bangalore,1937332,Excel,Fresher,2024-01-27
Web Developer,Google,Hyderabad,436013,Java,Mid,2024-04-12
Web Developer,Wipro,Bangalore,2214256,React,Mid,2024-06-24
Data Analyst,Accenture,Pune,1497055,Python,Mid,2023-07-19
Software Engineer,Google,Pune,1957217,Excel,Fresher,2023-10-09
Software Engineer,Amazon,Pune,1944343,Python,Fresher,2024-04-10
Data Analyst,Infosys,Mumbai,2205768,Excel,Fresher,2023-10-29
Data Scientist,Google,Mumbai,775764,Power BI,Senior,2024-06-04
ML Engineer,Wipro,Pune,1772808,Excel,Senior,2023-01-27
Web Developer,Accenture,Hyderabad,335657,Python,Senior,2023-04-10
Data Analyst,Infosys,Mumbai,1246352,SQL,Mid,2024-04-03
Data Analyst,Accenture,Bangalore,2158787,Machine Learning,Mid,2023-05-06
ML Engineer,TCS,Hyderabad,1745670,Python,Senior,2023-10-22
Data Scientist,Google,Mumbai,1193080,SQL,Senior,2024-06-19
Data Scientist,TCS,Delhi,1714738,Excel,Senior,2023-01-03
Data Analyst,TCS,Bangalore,656282,Excel,Senior,2023-06-28
Data Scientist,TCS,Mumbai,451328,Java,Mid,2023-10-05
Software Engineer,Accenture,Mumbai,1078267,Java,Fresher,2023-07-21
Software Engineer,Google,Bangalore,1647825,Excel,Fresher,2023-02-16
Software Engineer,Wipro,Delhi,1198689,Java,Fresher,2024-05-25
Software Engineer,Amazon,Hyderabad,937361,Excel,Senior,2024-06-26
Web Developer,Google,Hyderabad,572927,Excel,Mid,2024-03-05
Web Developer,Amazon,Bangalore,1286605,Machine Learning,Senior,2023-03-04
ML Engineer,Amazon,Mumbai,935051,Java,Mid,2023-03-20
Data Scientist,Wipro,Bangalore,1675211,Python,Mid,2023-09-14
Data Analyst,Infosys,Pune,1441035,React,Mid,2023-01-29
Software Engineer,Infosys,Bangalore,886741,Power BI,Fresher,2023-02-17
ML Engineer,TCS,Mumbai,441009,Power BI,Mid,2024-02-03
Software Engineer,TCS,Mumbai,1841494,Power BI,Senior,2023-03-06
Data Scientist,Accenture,Mumbai,1440484,Machine Learning,Fresher,2023-05-26
Data Scientist,Google,Pune,2268874,SQL,Mid,2023-12-10
Data Scientist,Infosys,Delhi,318762,SQL,Fresher,2024-01-26
Data Analyst,TCS,Hyderabad,954560,SQL,Senior,2023-03-17
Data Scientist,Amazon,Delhi,906829,React,Senior,2024-04-20
Software Engineer,TCS,Bangalore,1577444,SQL,Mid,2023-06-24
Data Scientist,Wipro,Pune,2466330,Power BI,Senior,2024-06-25
Software Engineer,Accenture,Mumbai,634664,Python,Fresher,2023-04-07
Web Developer,Accenture,Pune,2171506,Java,Mid,2024-05-20
Web Developer,Wipro,Pune,2456858,Excel,Senior,2024-01-28
Data Analyst,Infosys,Mumbai,1739187,Python,Senior,2023-11-28
Data Analyst,TCS,Hyderabad,710072,Excel,Fresher,2024-07-01
